beta,gold,hoard,kl,method,motif,proxy,repeats,rm_agreement,seed,step
0.2,-0.736328125,0.0,0.19001510739326477,PPO,0.119140625,3.0637600421905518,1.42578125,0.7593985199928284,0,0
0.2,-0.12832030653953552,0.0,2.872896671295166,PPO,0.2841796875,7.084298133850098,0.6875,0.5865632891654968,0,5
0.2,0.31679683923721313,0.0048828125,4.847729682922363,PPO,0.62890625,8.316650390625,0.5087890625,0.6202830076217651,0,10
0.2,0.12656249105930328,0.0009765625,5.2730817794799805,PPO,0.482421875,8.316784858703613,0.5908203125,0.5953488349914551,0,15
0.2,0.15253905951976776,0.0009765625,6.430535793304443,PPO,0.5078125,8.53286075592041,0.58984375,0.5788177251815796,0,20
0.2,0.341796875,0.00390625,7.097116470336914,PPO,0.73046875,8.692740440368652,0.638671875,0.5555555820465088,0,25
0.2,0.29765623807907104,0.0009765625,6.132716655731201,PPO,0.6435546875,8.664897918701172,0.57421875,0.5995315909385681,0,30
0.2,0.4029296636581421,0.001953125,5.725465774536133,PPO,0.7021484375,8.793533325195312,0.494140625,0.5761904716491699,0,35
0.2,0.2984375059604645,0.001953125,4.786179542541504,PPO,0.5888671875,8.759679794311523,0.4794921875,0.5566264986991882,0,40
0.2,0.24824218451976776,0.0029296875,4.5774431228637695,PPO,0.5283203125,8.769485473632812,0.4599609375,0.5336658358573914,0,45
0.2,0.2783203125,0.00390625,4.767846584320068,PPO,0.546875,8.947880744934082,0.4384765625,0.606598973274231,0,50
0.2,0.4066406488418579,0.00390625,4.835644721984863,PPO,0.6494140625,9.063819885253906,0.3955078125,0.6189320683479309,0,55
0.2,0.3740234375,0.0009765625,4.469818115234375,PPO,0.625,9.0348539352417,0.416015625,0.5486935973167419,0,60
0.2,0.18535155057907104,0.0,4.104546546936035,PPO,0.4208984375,8.914717674255371,0.392578125,0.5665796399116516,0,65
0.2,0.31132811307907104,0.0009765625,4.286603927612305,PPO,0.572265625,9.004264831542969,0.4326171875,0.5777778029441833,0,69
0.05,-0.736328125,0.0,0.19001498818397522,PPO,0.119140625,3.0637600421905518,1.42578125,0.7593985199928284,0,0
0.05,-0.09023438394069672,0.0,3.2890186309814453,PPO,0.310546875,7.217072486877441,0.66796875,0.5919395685195923,0,5
0.05,0.39472657442092896,0.0048828125,8.144598960876465,PPO,0.6904296875,8.830731391906738,0.4814453125,0.5899280309677124,0,10
0.05,0.49726560711860657,0.0048828125,11.957648277282715,PPO,0.8984375,9.223161697387695,0.6572265625,0.5429864525794983,0,15
0.05,0.2089843451976776,0.0087890625,14.658000946044922,PPO,0.7890625,9.242926597595215,0.9462890625,0.5770065188407898,0,20
0.05,0.19218748807907104,0.0087890625,16.68277359008789,PPO,0.779296875,9.442286491394043,0.9580078125,0.54923415184021,0,25
0.05,0.32402342557907104,0.00390625,13.933870315551758,PPO,0.7958984375,9.454559326171875,0.77734375,0.5320088267326355,0,30
0.05,0.7255859375,0.0205078125,12.305574417114258,PPO,1.16796875,9.520233154296875,0.689453125,0.5627705454826355,0,35
0.05,0.8181639909744263,0.021484375,11.228819847106934,PPO,1.1728515625,9.569427490234375,0.541015625,0.5180995464324951,0,40
0.05,0.7613281011581421,0.0146484375,9.96820068359375,PPO,1.0625,9.573785781860352,0.4677734375,0.545034646987915,0,45
0.05,0.40507811307907104,0.0029296875,9.614190101623535,PPO,0.6845703125,9.58782958984375,0.458984375,0.5023474097251892,0,50
0.05,0.5400390625,0.0068359375,10.677528381347656,PPO,0.8291015625,9.697144508361816,0.4658203125,0.5370370149612427,0,55
0.05,0.4566406309604645,0.0029296875,9.671051979064941,PPO,0.7080078125,9.652606964111328,0.412109375,0.5547618865966797,0,60
0.05,0.3798828125,0.0048828125,9.42131519317627,PPO,0.6474609375,9.675704956054688,0.4345703125,0.5634146332740784,0,65
0.05,0.5107421278953552,0.0048828125,9.833556175231934,PPO,0.76953125,9.710726737976074,0.419921875,0.5250596404075623,0,69
0.01,-0.736328125,0.0,0.19001504778862,PPO,0.119140625,3.0637600421905518,1.42578125,0.7593985199928284,0,0
0.01,-0.09121094644069672,0.0,3.637389898300171,PPO,0.27734375,7.429996967315674,0.6142578125,0.5969773530960083,0,5
0.01,0.23554688692092896,0.0009765625,9.884840965270996,PPO,0.5087890625,8.954371452331543,0.453125,0.6209476590156555,0,10
0.01,0.18906250596046448,0.0068359375,16.520343780517578,PPO,0.64453125,9.416960716247559,0.7431640625,0.5219399333000183,0,15
0.01,0.008984358981251717,0.0078125,22.6813907623291,PPO,0.7177734375,9.582786560058594,1.1630859375,0.5337690711021423,0,20
0.01,-0.04433595389127731,0.0048828125,29.32112693786621,PPO,0.697265625,9.78665828704834,1.224609375,0.5262008905410767,0,25
0.01,0.05117185041308403,0.0068359375,25.785537719726562,PPO,0.759765625,9.767372131347656,1.1650390625,0.53995680809021,0,30
0.01,0.0322265550494194,0.0048828125,24.627880096435547,PPO,0.642578125,9.800312042236328,1.005859375,0.5133928656578064,0,35
0.01,-0.048828139901161194,0.0029296875,24.223583221435547,PPO,0.583984375,9.826447486877441,1.0478515625,0.448888897895813,0,40
0.01,0.4794921576976776,0.0166015625,23.74384880065918,PPO,1.025390625,9.871675491333008,0.87109375,0.4776785671710968,0,45
0.01,0.3349609375,0.009765625,23.30286407470703,PPO,0.837890625,9.879617691040039,0.8154296875,0.47999998927116394,0,50
0.01,0.5412108898162842,0.0185546875,21.136276245117188,PPO,0.9580078125,9.889756202697754,0.6513671875,0.5034168362617493,0,55
0.01,0.7404296398162842,0.0302734375,21.533018112182617,PPO,1.16015625,9.927690505981445,0.62890625,0.4840182662010193,0,60
0.01,0.16582030057907104,0.0009765625,20.183338165283203,PPO,0.5556640625,9.910572052001953,0.6474609375,0.4772182106971741,0,65
0.01,0.12246093153953552,0.0029296875,21.061540603637695,PPO,0.4892578125,9.944524765014648,0.6044921875,0.4748201370239258,0,69
0.0,-0.736328125,0.0,0.19001504778862,PPO,0.119140625,3.0637600421905518,1.42578125,0.7593985199928284,0,0
0.0,-0.08222657442092896,0.0,3.5256903171539307,PPO,0.2880859375,7.3710150718688965,0.6171875,0.5912596583366394,0,5
0.0,0.2894531488418579,0.0009765625,10.236823081970215,PPO,0.5439453125,8.994230270385742,0.421875,0.6035353541374207,0,10
0.0,0.15781249105930328,0.005859375,18.355754852294922,PPO,0.5673828125,9.482494354248047,0.6689453125,0.5128205418586731,0,15
0.0,-0.35273438692092896,0.0,25.509416580200195,PPO,0.416015625,9.642105102539062,1.28125,0.5136363506317139,0,20
0.0,-0.7349609732627869,0.0,35.58449172973633,PPO,0.30859375,9.82748794555664,1.7392578125,0.5090090036392212,0,25
0.0,-1.8798829317092896,0.0,46.805023193359375,PPO,0.2646484375,9.891162872314453,3.57421875,0.5281385183334351,0,30
0.0,-3.9619140625,0.0,65.36648559570312,PPO,0.142578125,9.932140350341797,6.8408203125,0.40833333134651184,0,35
0.0,-6.059374809265137,0.0,84.8199234008789,PPO,0.1298828125,9.972200393676758,10.3154296875,0.44999998807907104,0,40
0.0,-7.6337890625,0.0,98.90525817871094,PPO,0.080078125,9.99506950378418,12.8564453125,0.43326038122177124,0,45
0.0,-7.623242378234863,0.0,99.70216369628906,PPO,0.0390625,10.013242721557617,12.7705078125,0.47816091775894165,0,50
0.0,-7.008984565734863,0.0,94.06836700439453,PPO,0.0615234375,10.018232345581055,11.7841796875,0.406521737575531,0,55
0.0,-6.564648628234863,0.0,91.41780853271484,PPO,0.060546875,10.029603958129883,11.0419921875,0.5528090000152588,0,60
0.0,-5.659570693969727,0.0,87.43773651123047,PPO,0.1083984375,10.049674987792969,9.61328125,0.503311276435852,0,65
0.0,-5.111718654632568,0.0,84.72808074951172,PPO,0.1171875,10.062641143798828,8.71484375,0.4781659245491028,0,69
0.2,-0.6732422113418579,0.0,0.23958146572113037,PPO,0.140625,2.3733673095703125,1.3564453125,0.6797065734863281,1,0
0.2,0.1230468675494194,0.0,3.307803153991699,PPO,0.4833984375,7.007181644439697,0.6005859375,0.593137264251709,1,5
0.2,0.940625011920929,0.021484375,6.3508195877075195,PPO,1.228515625,8.293973922729492,0.4296875,0.6311110854148865,1,10
0.2,0.844531238079071,0.0263671875,6.931982040405273,PPO,1.1767578125,8.46445083618164,0.4921875,0.5911111235618591,1,15
0.2,0.7291015386581421,0.0166015625,7.940300941467285,PPO,1.0869140625,8.481822967529297,0.5576171875,0.6171171069145203,1,20
0.2,0.6144530773162842,0.0107421875,7.648164749145508,PPO,0.951171875,8.486364364624023,0.5361328125,0.6247139573097229,1,25
0.2,0.7728515863418579,0.01171875,7.343549728393555,PPO,1.1044921875,8.649404525756836,0.525390625,0.6036866307258606,1,30
0.2,0.8546874523162842,0.015625,6.8402204513549805,PPO,1.11328125,8.68380355834961,0.39453125,0.6235565543174744,1,35
0.2,0.6865234375,0.009765625,6.48637056350708,PPO,0.9462890625,8.663928985595703,0.41015625,0.6133651733398438,1,40
0.2,0.6154296398162842,0.0068359375,5.778729438781738,PPO,0.8798828125,8.607000350952148,0.4248046875,0.5755395889282227,1,45
0.2,0.7035155892372131,0.0048828125,5.467783451080322,PPO,0.9453125,8.586429595947266,0.3916015625,0.6372548937797546,1,50
0.2,0.6624999642372131,0.0048828125,5.565746307373047,PPO,0.9072265625,8.618480682373047,0.396484375,0.588652491569519,1,55
0.2,0.8019530773162842,0.005859375,5.704014778137207,PPO,1.017578125,8.749296188354492,0.345703125,0.6473429799079895,1,60
0.2,0.6812499761581421,0.0068359375,5.401196479797363,PPO,0.90234375,8.727131843566895,0.3525390625,0.6081730723381042,1,65
0.2,0.7874999046325684,0.0078125,5.289231777191162,PPO,1.0263671875,8.628766059875488,0.3798828125,0.6140776872634888,1,69
0.05,-0.6732422113418579,0.0,0.23958149552345276,PPO,0.140625,2.3733673095703125,1.3564453125,0.6797065734863281,1,0
0.05,0.14082030951976776,0.0,3.773822546005249,PPO,0.482421875,7.184535026550293,0.5693359375,0.5990220308303833,1,5
0.05,1.1345702409744263,0.033203125,8.397979736328125,PPO,1.4189453125,8.65362548828125,0.396484375,0.6179245114326477,1,10
0.05,1.96875,0.361328125,12.838252067565918,PPO,2.7470703125,9.147789001464844,0.4541015625,0.5641592741012573,1,15
0.05,1.970703125,0.9130859375,16.754514694213867,PPO,3.650390625,9.227776527404785,0.6689453125,0.5389610528945923,1,20
0.05,1.9603517055511475,1.1005859375,17.77532196044922,PPO,3.892578125,9.34643840789795,0.65234375,0.4847826063632965,1,25
0.05,1.9773437976837158,0.4794921875,15.165000915527344,PPO,2.99609375,9.350133895874023,0.5791015625,0.5144124031066895,1,30
0.05,1.708398461341858,0.203125,12.852855682373047,PPO,2.279296875,9.306235313415527,0.4775390625,0.5406593680381775,1,35
0.05,1.5275390148162842,0.1181640625,12.438323974609375,PPO,1.953125,9.35850715637207,0.43359375,0.6137930750846863,1,40
0.05,1.2728514671325684,0.052734375,11.835119247436523,PPO,1.58984375,9.33508586883545,0.4052734375,0.6232876777648926,1,45
0.05,1.289648413658142,0.048828125,12.389673233032227,PPO,1.5888671875,9.461690902709961,0.384765625,0.5825688242912292,1,50
0.05,0.9376952648162842,0.01171875,11.802509307861328,PPO,1.232421875,9.436358451843262,0.4638671875,0.5950226187705994,1,55
0.05,1.226171851158142,0.03515625,11.853885650634766,PPO,1.4775390625,9.496427536010742,0.3369140625,0.6186046600341797,1,60
0.05,1.1720702648162842,0.0185546875,11.349821090698242,PPO,1.3720703125,9.462947845458984,0.2900390625,0.6127562522888184,1,65
0.05,1.2712889909744263,0.029296875,11.284782409667969,PPO,1.509765625,9.493969917297363,0.3291015625,0.6215596199035645,1,69
0.01,-0.6732422113418579,0.0,0.23958155512809753,PPO,0.140625,2.3733673095703125,1.3564453125,0.6797065734863281,1,0
0.01,0.14140623807907104,0.0,3.893059492111206,PPO,0.482421875,7.216860294342041,0.568359375,0.5867970585823059,1,5
0.01,1.0669920444488525,0.037109375,9.06455135345459,PPO,1.3779296875,8.714057922363281,0.431640625,0.6026785969734192,1,10
0.01,2.115429639816284,0.6025390625,15.24355697631836,PPO,3.263671875,9.254755973815918,0.5078125,0.5292792916297913,1,15
0.01,1.9169921875,1.21484375,20.227523803710938,PPO,4.1005859375,9.372163772583008,0.8046875,0.5176211595535278,1,20
0.01,1.491796851158142,1.7099609375,25.64227867126465,PPO,4.650390625,9.458208084106445,1.2744140625,0.5148935914039612,1,25
0.01,1.713476538658142,1.330078125,24.361812591552734,PPO,4.2646484375,9.487128257751465,1.1484375,0.48739495873451233,1,30
0.01,1.870117425918579,1.630859375,23.823820114135742,PPO,4.6015625,9.601954460144043,0.7470703125,0.46300211548805237,1,35
0.01,1.6626955270767212,2.0654296875,24.326461791992188,PPO,5.0458984375,9.660029411315918,0.8193359375,0.4309978783130646,1,40
0.01,1.8625000715255737,1.4248046875,22.48218536376953,PPO,4.330078125,9.656268119812012,0.7880859375,0.46875,1,45
0.01,1.9634766578674316,1.185546875,22.96103286743164,PPO,4.0498046875,9.68313980102539,0.7109375,0.43589743971824646,1,50
0.01,2.06640625,0.7158203125,20.089996337890625,PPO,3.4189453125,9.669032096862793,0.583984375,0.4967462122440338,1,55
0.01,1.9712891578674316,0.3916015625,19.704675674438477,PPO,2.865234375,9.69078540802002,0.576171875,0.5585585832595825,1,60
0.01,1.8671873807907104,0.2802734375,19.56045150756836,PPO,2.5625,9.711284637451172,0.5048828125,0.5726872086524963,1,65
0.01,1.9992187023162842,0.33203125,19.593080520629883,PPO,2.7529296875,9.723108291625977,0.4814453125,0.5412026643753052,1,69
0.0,-0.6732422113418579,0.0,0.23958159983158112,PPO,0.140625,2.3733673095703125,1.3564453125,0.6797065734863281,1,0
0.0,0.1708984375,0.0,3.9375483989715576,PPO,0.4931640625,7.218375205993652,0.537109375,0.6150000095367432,1,5
0.0,1.1453124284744263,0.033203125,9.393869400024414,PPO,1.4384765625,8.742935180664062,0.4111328125,0.5730858445167542,1,10
0.0,2.1037111282348633,0.5537109375,15.404184341430664,PPO,3.1396484375,9.266921043395996,0.4345703125,0.5797752737998962,1,15
0.0,1.6423828601837158,2.2197265625,23.048555374145508,PPO,5.1923828125,9.403952598571777,0.7373046875,0.48076921701431274,1,20
0.0,0.7757813930511475,3.728515625,32.19493103027344,PPO,6.7275390625,9.471604347229004,1.2197265625,0.4723404347896576,1,25
0.0,0.8947266936302185,2.6767578125,33.64311218261719,PPO,5.6669921875,9.534891128540039,1.7080078125,0.43983402848243713,1,30
0.0,0.5845704078674316,3.2392578125,43.35101318359375,PPO,6.2392578125,9.696197509765625,1.8662109375,0.47558385133743286,1,35
0.0,-0.4517577290534973,3.43359375,54.14613723754883,PPO,6.43359375,9.750139236450195,3.4638671875,0.4958677589893341,1,40
0.0,-0.729687511920929,3.7109375,57.53496551513672,PPO,6.7109375,9.786788940429688,3.7421875,0.4802494943141937,1,45
0.0,-0.7552734017372131,3.357421875,60.95823669433594,PPO,6.357421875,9.793474197387695,4.0205078125,0.44948452711105347,1,50
0.0,-1.0939452648162842,3.7119140625,62.78445053100586,PPO,6.7119140625,9.798322677612305,4.3486328125,0.4067796468734741,1,55
0.0,-0.9425780773162842,3.123046875,62.73643493652344,PPO,6.1220703125,9.794234275817871,4.4873046875,0.4116424024105072,1,60
0.0,-1.075585961341858,3.255859375,62.268009185791016,PPO,6.255859375,9.798401832580566,4.6220703125,0.4553014636039734,1,65
0.0,-1.2175780534744263,3.5859375,61.01673126220703,PPO,6.5859375,9.809154510498047,4.638671875,0.43983402848243713,1,69
0.2,-0.7185547351837158,0.0,0.17952680587768555,PPO,0.126953125,2.0483956336975098,1.4091796875,0.7562814354896545,2,0
0.2,0.0849609225988388,0.0,4.593700408935547,PPO,0.421875,7.263059139251709,0.5615234375,0.6554216742515564,2,5
0.2,0.584179699420929,0.009765625,6.437553882598877,PPO,0.9248046875,8.505261421203613,0.544921875,0.6666666865348816,2,10
0.2,0.7455077767372131,0.0126953125,6.942172050476074,PPO,1.1201171875,8.692014694213867,0.5947265625,0.5762332081794739,2,15
0.2,0.783007800579071,0.0263671875,8.29629898071289,PPO,1.1943359375,8.910980224609375,0.6240234375,0.5665914416313171,2,20
0.2,0.47148436307907104,0.0078125,7.555748462677002,PPO,0.83984375,8.656757354736328,0.595703125,0.6489607095718384,2,25
0.2,0.39179685711860657,0.0048828125,6.791663646697998,PPO,0.7431640625,8.666853904724121,0.57421875,0.6274038553237915,2,30
0.2,0.806640625,0.0224609375,6.79694128036499,PPO,1.1240234375,9.00587272644043,0.4765625,0.6152073740959167,2,35
0.2,0.544921875,0.001953125,5.5036420822143555,PPO,0.8359375,8.829014778137207,0.48046875,0.6120092272758484,2,40
0.2,0.5099608898162842,0.0087890625,5.478934288024902,PPO,0.8427734375,8.825772285461426,0.5341796875,0.6169725060462952,2,45
0.2,0.4613281488418579,0.00390625,5.252903938293457,PPO,0.765625,8.875632286071777,0.498046875,0.6184834241867065,2,50
0.2,0.7039062976837158,0.013671875,5.836269378662109,PPO,0.99609375,9.094449996948242,0.455078125,0.5939674973487854,2,55
0.2,0.6644530892372131,0.01171875,5.793825149536133,PPO,0.9638671875,9.117685317993164,0.4716796875,0.5511627793312073,2,60
0.2,0.3658202886581421,0.001953125,5.220096588134766,PPO,0.6328125,9.025339126586914,0.4404296875,0.6009852290153503,2,65
0.2,0.41621094942092896,0.001953125,5.296104431152344,PPO,0.6943359375,9.098840713500977,0.458984375,0.5678392052650452,2,69
0.05,-0.7185547351837158,0.0,0.17952685058116913,PPO,0.126953125,2.0483956336975098,1.4091796875,0.7562814354896545,2,0
0.05,0.11835936456918716,0.0,5.4363813400268555,PPO,0.462890625,7.572983741760254,0.57421875,0.6177884340286255,2,5
0.05,0.6322265267372131,0.0146484375,9.284818649291992,PPO,1.0341796875,8.80859661102295,0.6357421875,0.6004514694213867,2,10
0.05,1.166015625,0.166015625,14.423075675964355,PPO,2.025390625,9.164848327636719,1.044921875,0.5723270177841187,2,15
0.05,1.4072264432907104,0.685546875,19.58310317993164,PPO,3.2353515625,9.494632720947266,1.447265625,0.5405405163764954,2,20
0.05,1.7640624046325684,0.767578125,18.46002197265625,PPO,3.373046875,9.513989448547363,0.890625,0.557986855506897,2,25
0.05,1.8042967319488525,0.3232421875,13.972759246826172,PPO,2.6142578125,9.48361587524414,0.595703125,0.5795454382896423,2,30
0.05,1.7363282442092896,0.2548828125,13.257623672485352,PPO,2.4072265625,9.554916381835938,0.5234375,0.5450549721717834,2,35
0.05,1.3753905296325684,0.0712890625,11.014749526977539,PPO,1.7294921875,9.4957914352417,0.423828125,0.5622222423553467,2,40
0.05,1.091796875,0.041015625,10.714654922485352,PPO,1.4990234375,9.530052185058594,0.5830078125,0.5740318894386292,2,45
0.05,1.07421875,0.03515625,10.05352783203125,PPO,1.478515625,9.51303482055664,0.591796875,0.5348314642906189,2,50
0.05,1.2410156726837158,0.0546875,10.319026947021484,PPO,1.6328125,9.594130516052246,0.525390625,0.555304765701294,2,55
0.05,1.021875023841858,0.03515625,9.420255661010742,PPO,1.3388671875,9.566177368164062,0.4462890625,0.5626423954963684,2,60
0.05,0.9603514671325684,0.033203125,9.683457374572754,PPO,1.3232421875,9.589056015014648,0.52734375,0.5503355860710144,2,65
0.05,1.0003905296325684,0.0244140625,9.623417854309082,PPO,1.287109375,9.613462448120117,0.4208984375,0.571090042591095,2,69
0.01,-0.7185547351837158,0.0,0.1795267015695572,PPO,0.126953125,2.0483956336975098,1.4091796875,0.7562814354896545,2,0
0.01,0.12480467557907104,0.0,5.631225109100342,PPO,0.4716796875,7.641335964202881,0.578125,0.6152018904685974,2,5
0.01,0.8449218273162842,0.0283203125,11.201791763305664,PPO,1.275390625,8.980928421020508,0.6513671875,0.6048564910888672,2,10
0.01,1.4248046875,0.4580078125,18.16025733947754,PPO,2.80078125,9.40207290649414,1.224609375,0.5148305296897888,2,15
0.01,1.054101586341858,1.669921875,26.214366912841797,PPO,4.5439453125,9.588623046875,1.919921875,0.4938271641731262,2,20
0.01,0.8900391459465027,3.1162109375,29.596412658691406,PPO,6.1064453125,9.700979232788086,1.4228515625,0.5523012280464172,2,25
0.01,1.3435547351837158,1.6337890625,26.452787399291992,PPO,4.5361328125,9.727264404296875,1.5087890625,0.5188284516334534,2,30
0.01,1.5550780296325684,1.134765625,23.425941467285156,PPO,3.9541015625,9.744401931762695,1.3505859375,0.5253164768218994,2,35
0.01,1.781835913658142,0.9052734375,22.54498863220215,PPO,3.66796875,9.770536422729492,1.03125,0.5402542352676392,2,40
0.01,1.5763672590255737,0.4755859375,22.638086318969727,PPO,2.9658203125,9.784086227416992,1.2060546875,0.5170212984085083,2,45
0.01,1.6630859375,0.466796875,22.052921295166016,PPO,2.98046875,9.80275821685791,1.1064453125,0.5042194128036499,2,50
0.01,1.5154296159744263,0.3232421875,21.56354522705078,PPO,2.6259765625,9.800617218017578,1.0966796875,0.49682876467704773,2,55
0.01,1.3835936784744263,0.3076171875,20.410240173339844,PPO,2.568359375,9.811470031738281,1.2568359375,0.5098039507865906,2,60
0.01,1.4445312023162842,0.2353515625,19.8426456451416,PPO,2.4326171875,9.810440063476562,1.09765625,0.5661605000495911,2,65
0.01,1.3201171159744263,0.1455078125,19.593778610229492,PPO,2.078125,9.81814956665039,0.923828125,0.48614072799682617,2,69
0.0,-0.7185547351837158,0.0,0.17952688038349152,PPO,0.126953125,2.0483956336975098,1.4091796875,0.7562814354896545,2,0
0.0,0.1513671875,0.0009765625,5.607518196105957,PPO,0.501953125,7.663369178771973,0.58203125,0.6113743782043457,2,5
0.0,0.9330077767372131,0.0322265625,11.066239356994629,PPO,1.37890625,8.975151062011719,0.66796875,0.6086021661758423,2,10
0.0,1.53125,0.62109375,19.16327667236328,PPO,3.107421875,9.438425064086914,1.177734375,0.5131004452705383,2,15
0.0,1.1240234375,1.890625,27.75262451171875,PPO,4.796875,9.611632347106934,1.7099609375,0.48856547474861145,2,20
0.0,0.22363293170928955,4.076171875,36.02947235107422,PPO,7.0751953125,9.723814964294434,1.908203125,0.5359342694282532,2,25
0.0,-0.12929682433605194,3.0458984375,39.16902160644531,PPO,6.041015625,9.781354904174805,3.1767578125,0.5203251838684082,2,30
0.0,-1.0005860328674316,1.7490234375,51.13418197631836,PPO,4.6806640625,9.836111068725586,5.3876953125,0.5375253558158875,2,35
0.0,-0.8355469703674316,0.9345703125,53.54661178588867,PPO,3.7119140625,9.884101867675781,5.3984375,0.5333333611488342,2,40
0.0,-0.37753915786743164,0.2978515625,49.80817413330078,PPO,2.556640625,9.906143188476562,4.1953125,0.46817249059677124,2,45
0.0,-1.4214844703674316,0.04296875,54.59149932861328,PPO,1.486328125,9.912811279296875,4.74609375,0.5060728788375854,2,50
0.0,-1.4556641578674316,0.03125,56.02857971191406,PPO,1.4228515625,9.927888870239258,4.724609375,0.48275861144065857,2,55
0.0,-2.022265672683716,0.0087890625,59.250755310058594,PPO,0.9794921875,9.941972732543945,4.982421875,0.4819277226924896,2,60
0.0,-1.2751953601837158,0.005859375,58.338829040527344,PPO,1.2548828125,9.957501411437988,4.203125,0.5229166746139526,2,65
0.0,-1.4257813692092896,0.0048828125,61.55052947998047,PPO,1.09765625,9.966119766235352,4.1943359375,0.43983402848243713,2,69
